五都改制對照表在:,http://www.moi.gov.tw/chi/chi_news/news_detail.aspx?sn=4547&type_code=01,,,,,'日期（民國年被翻成西元年，應修正）,
county,town,vid,action,old,new,date,其他備註
高雄市,鳳山區,6401200-023,刪,"海風里
(併入海光里)",,41845,
高雄市,鳳山區,6401200-052,刪,"誠正里
(併入生明里、誠智里)",,,
高雄市,左營區,6400300-014,刪,復興里,,41821
高雄市,杉林區,6403400-008,增,,大愛里,
新竹市,東區,1001801-054,增,,"關新里
(由新莊里分割)",
新竹市,北區,1001802-045,增,,"中雅里
(由客雅里分割)",
雲林縣,麥寮鄉,1000913-013,增,,"中興村
(由三盛村分割)",
南投縣,仁愛鄉,1000813-016,增,,"都達村
(由原精英村分割)",41640,
宜蘭縣,宜蘭市,1000201-041,增,,"成功里
(由延平里分割)",41699,
宜蘭縣,宜蘭市,1000201-042,增,,"新東里
(由東村里分割)",,
宜蘭縣,宜蘭市,1000201-043,增,,"七結里
(由思源里分割)",,
宜蘭縣,宜蘭市,1000201-044,增,,"泰山里
(由建軍里分割)",,
宜蘭縣,宜蘭市,1000201-045,增,,"大新里
(由大東里及新興里合併)",,
宜蘭縣,宜蘭市,1000201-046,增,,"中興里
(由慈安里分割)",,
宜蘭縣,宜蘭市,1000201-047,增,,"擺厘里
(由進士里分割)",,
宜蘭縣,宜蘭市,1000201-003,刪,"民生里
(併入新民里)",,,
宜蘭縣,宜蘭市,1000201-004,刪,"昇平里
(併入新民里)",,,
宜蘭縣,宜蘭市,1000201-005,刪,"大東里
(併入大新里)",,,
宜蘭縣,宜蘭市,1000201-006,刪,"新興里
(併入大新里)",,,
宜蘭縣,宜蘭市,1000201-007,刪,"和睦里
(併入神農里)",,,
宜蘭縣,宜蘭市,1000201-020,刪,"中正里
(併入東門里)",,,
宜蘭縣,宜蘭市,1000201-029,刪,"慶和里
(併入北門里)",,,
宜蘭縣,宜蘭市,1000201-030,刪,"鄂王里
(併入西門里)",,,
宜蘭縣,宜蘭市,1000201-033,刪,"大道里
(併入南門里)",,,
桃園縣,蘆竹鄉,1000305,修,蘆竹鄉,蘆竹市,41793,
桃園縣,蘆竹鄉,1000305-001,修,新興村,新興里,,
桃園縣,蘆竹鄉,1000305-002,修,中福村,中福里,,
桃園縣,蘆竹鄉,1000305-003,修,新莊村,新莊里,,
桃園縣,蘆竹鄉,1000305-004,修,大竹村,大竹里,,
桃園縣,蘆竹鄉,1000305-006,修,蘆竹村,蘆竹里,,
桃園縣,蘆竹鄉,1000305-007,修,南崁村,南崁里,,
桃園縣,蘆竹鄉,1000305-008,修,錦興村,錦興里,,
桃園縣,蘆竹鄉,1000305-009,修,五福村,五福里,,
桃園縣,蘆竹鄉,1000305-010,修,內厝村,內厝里,,
桃園縣,蘆竹鄉,1000305-011,修,山鼻村,山鼻里,,
桃園縣,蘆竹鄉,1000305-012,修,山腳村,山腳里,,
桃園縣,蘆竹鄉,1000305-013,修,外社村,外社里,,
桃園縣,蘆竹鄉,1000305-014,修,坑子村,坑子里,,
桃園縣,蘆竹鄉,1000305-015,修,坑口村,坑口里,,
桃園縣,蘆竹鄉,1000305-016,修,海湖村,海湖里,,
桃園縣,蘆竹鄉,1000305-017,修,南榮村,南榮里,,
桃園縣,蘆竹鄉,1000305-018,修,南興村,南興里,,
桃園縣,蘆竹鄉,1000305-019,修,長興村,長興里,,
桃園縣,蘆竹鄉,1000305-020,修,錦中村,錦中里,,
桃園縣,蘆竹鄉,1000305-021,修,富竹村,富竹里,,
桃園縣,蘆竹鄉,1000305-022,修,上竹村,上竹里,,
桃園縣,蘆竹鄉,1000305-023,修,宏竹村,宏竹里,,
桃園縣,蘆竹鄉,1000305-024,修,瓦窯村,瓦窯里,,
桃園縣,蘆竹鄉,1000305-025,修,營盤村,營盤里,,
桃園縣,蘆竹鄉,1000305-026,修,羊稠村,羊稠里,,
桃園縣,蘆竹鄉,1000305-027,修,順興村,順興里,,
桃園縣,蘆竹鄉,1000305-028,修,福昌村,福昌里,,
桃園縣,蘆竹鄉,1000305-029,修,福興村,福興里,,
桃園縣,蘆竹鄉,1000305-030,修,蘆興村,蘆興里,,
桃園縣,蘆竹鄉,1000305-031,修,長壽村,長壽里,,
桃園縣,蘆竹鄉,1000305-032,修,吉祥村,吉祥里,,
桃園縣,蘆竹鄉,1000305-033,修,中山村,中山里,,
桃園縣,蘆竹鄉,1000305-034,修,福祿村,福祿里,,
桃園縣,蘆竹鄉,1000305-035,修,興榮村,興榮里,,
桃園縣,蘆竹鄉,1000305-036,修,中興村,中興里,,
桃園縣,蘆竹鄉,1000305-037,修,上興村,上興里,,
桃園縣,蘆竹鄉,1000305-038,修,營福村,營福里,,
宜蘭縣,蘇澳鎮,1000203-006,刪,"岳明里
(併入港邊里)",,41365,
宜蘭縣,蘇澳鎮,1000203-027,增,,"聖愛里
(由聖湖里分割)",,
桃園縣,觀音鄉,1000312-024,增,,"草新村
(由草漯村分割)",41640,
桃園縣,蘆竹鄉,1000305-027,增,,"順興村
(由南興村分割)",,
桃園縣,蘆竹鄉,1000305-028,增,,"福昌村
(由南興村分割)",,
桃園縣,蘆竹鄉,1000305-029,增,,"福興村
(由南興村分割)",,
桃園縣,蘆竹鄉,1000305-030,增,,"蘆興村
(由南興村分割)",,
桃園縣,蘆竹鄉,1000305-031,增,,"長壽村
(由羊稠村分割)",,
桃園縣,蘆竹鄉,1000305-032,增,,"吉祥村
(由羊稠村分割)",,
桃園縣,蘆竹鄉,1000305-033,增,,"中山村
(由五福村分割)",,
桃園縣,蘆竹鄉,1000305-034,增,,"福祿村
(由五福村分割)",,
桃園縣,蘆竹鄉,1000305-035,增,,"興榮村
(由錦興村分割)",,
桃園縣,蘆竹鄉,1000305-036,增,,"中興村
(由新興村分割)",,
桃園縣,蘆竹鄉,1000305-037,增,,"上興村
(由新興村分割)",,
桃園縣,蘆竹鄉,1000305-038,增,,"營福村
(由營盤村分割)",,
桃園縣,蘆竹鄉,1000305-005,刪,"大華村
(併入宏竹村)",,,
新竹縣,竹北市,1000401-027,增,,"東興里
(由十興里分割)",41334,
新竹縣,竹北市,1000401-028,增,,"北興里
(由十興里分割)",,
新竹縣,竹北市,1000401-029,增,,"興安里
(由十興里分割)",,
新竹縣,竹北市,1000401-030,增,,"文化里
(由十興里分割)",,
桃園縣,中壢市,1000302-082,增,,"龍慈里
(由至善里分割)",40179,
桃園縣,中壢市,1000302-083,增,,"自信里
(由自立里分割)",,
桃園縣,中壢市,1000302-084,增,,"林森里
(由新興里分割)",,
桃園縣,中壢市,1000302-085,增,,"金華里
(由水尾里分割)",,
桃園縣,楊梅鎮,1000304-036,增,,"瑞溪里
(由梅溪里分割)",,
桃園縣,楊梅鎮,1000304-037,增,,"高上里
(由高山里分割)",,
桃園縣,楊梅鎮,1000304-038,增,,"富豐里
(由富岡里分割)",,
桃園縣,楊梅鎮,1000304-039,增,,"裕新里
(由裕成里分割)",,
桃園縣,楊梅鎮,1000304-040,增,,"三民里
(由金溪里分割)",,
桃園縣,楊梅鎮,1000304-041,增,,"頭湖里
(由三湖里分割)",,
桃園縣,八德市,1000308-047,增,,"茄豐里
(由茄苳里分割)",,
桃園縣,八德市,1000308-048,增,,"大順里
(由大華里分割)",,
澎湖縣,馬公市,1001601-001,刪,"新復里
(併入復興里)",,40210,
高雄市,三民區,6400500-071,刪,"港北里
(併入博愛里)",,,
嘉義市,東區,1002001-056,增,,"過溝里
（由府路里及初陽里分割並合併震安里及安平里）",,
嘉義市,東區,1002001-057,增,,"民族里
（由祐民里分割並合併鎮南里、蘭井里及文昌里）",,
嘉義市,東區,1002001-058,增,,"朝陽里
（由光復里及神農里合併）",,
嘉義市,東區,1002001-059,增,,"華南里
（由東安里分割並合併龍山里、崇文里及東山里）",,
嘉義市,東區,1002001-060,增,,"東興里
（由大街里及東安里分割並合併東噴里及東仁里）",,
嘉義市,東區,1002001-061,增,,"中山里
（由太平里、北城里及王田里分割並合併東平里及內安里）",,
嘉義市,東區,1002001-062,增,,"中央里
（由祐民里、大街里、初陽里及府路里分割並合併仁武里、建國里及仁和里）",,
嘉義市,東區,1002001-063,增,,"林森里
（由檜村里及太平里分割並合併雲宵里）",,
嘉義市,東區,1002001-064,增,,"北門里
（由北城里分割並合併泰安里及社口里）",,
嘉義市,東區,1002001-065,增,,"蘭潭里
（由短竹里及東川里分割）",,
嘉義市,東區,1002001-066,增,,"文雅里
（由盧厝里及長竹里分割）",,
嘉義市,東區,1002001-067,增,,"安業里
（由安寮里、興安里及西區美源里分割）",,
嘉義市,東區,1002001-068,增,,"義教里
（由頂庄里及仁義里分割）",,
嘉義市,東區,1002001-006,刪,"仁和里
（併入中央里）",,,
嘉義市,東區,1002001-007,刪,"社口里
（併入北門里）",,,
嘉義市,東區,1002001-008,刪,"檜村里
（併入林森里及仁義里）",,,
嘉義市,東區,1002001-009,刪,"泰安里
（併入北門里）",,,
嘉義市,東區,1002001-010,刪,"仁武里
（併入中央里）",,,
嘉義市,東區,1002001-011,刪,"北城里
（併入中山里及北門里）",,,
嘉義市,東區,1002001-012,刪,"建國里
（併入中央里）",,,
嘉義市,東區,1002001-013,刪,"初陽里
（併入過溝里及中央里）",,,
嘉義市,東區,1002001-014,刪,"震安里
（併入過溝里）",,,
嘉義市,東區,1002001-015,刪,"府路里
（併入過溝里及中央里）",,,
嘉義市,東區,1002001-016,刪,"雲霄里
（併入林森里）",,,
嘉義市,東區,1002001-017,刪,"內安里
（併入中山里）",,,
嘉義市,東區,1002001-018,刪,"東仁里
（併入東興里）",,,
嘉義市,東區,1002001-019,刪,"祐民里
（併入民族里及中央里）",,,
嘉義市,東區,1002001-020,刪,"大街里
（併入東興里及中央里）",,,
嘉義市,東區,1002001-021,刪,"東安里
（併入華南里及東興里）",,,
嘉義市,東區,1002001-022,刪,"東山里
（併入華南里）",,,
嘉義市,東區,1002001-024,刪,"東噴里
（併入東興里）",,,
嘉義市,東區,1002001-025,刪,"光復里
（併入朝陽里）",,,
嘉義市,東區,1002001-026,刪,"蘭井里
（併入民族里）",,,
嘉義市,東區,1002001-028,刪,"文昌里
（併入民族里）",,,
嘉義市,東區,1002001-029,刪,"安平里
（併入過溝里）",,,
嘉義市,東區,1002001-030,刪,"龍山里
（併入華南里）",,,
嘉義市,東區,1002001-031,刪,"崇文里
（併入華南里）",,,
嘉義市,東區,1002001-032,刪,"神農里
（併入朝陽里）",,,
嘉義市,東區,1002001-033,刪,"鎮南里
（併入民族里）",,,
嘉義市,東區,1002001-040,刪,"東平里
（併入中山里）",,,
嘉義市,西區,1002002-056,增,,"永和里
（由菜園里分割並合併集英里及力行里）",,
嘉義市,西區,1002002-057,增,,"新富里
（由學圃里及書院里分割並合併福松里）",,
嘉義市,西區,1002002-058,增,,"文化里
（由東區府路里分割並合併中庸里及大業里）",,
嘉義市,西區,1002002-059,增,,"西榮里
（由自治里及學圃里分割並合併功科里、康莊里及義昌里）",,
嘉義市,西區,1002002-060,增,,"國華里
（由北杏里及榮檜里合併）",,
嘉義市,西區,1002002-061,增,,"番社里
（由民生里、慶昇里、通運里及社內里合併）",,
嘉義市,西區,1002002-062,增,,"導明里
（由導民里及華明里分割）",,
嘉義市,西區,1002002-063,增,,"慶安里
（由長安里及北榮里分割並合併慶昌里）",,
嘉義市,西區,1002002-064,增,,"後驛里
（由竹文里、重興里及竹圍里分割並合併小湖里）",,
嘉義市,西區,1002002-065,增,,"福安里
（由福全里及保安里分割）",,
嘉義市,西區,1002002-066,增,,"獅子里
（由湖內里分割）",,
嘉義市,西區,1002002-067,增,,"紅瓦里
（由湖內里分割）",,
嘉義市,西區,1002002-068,增,,"保福里
（由保安里分割）",,
嘉義市,西區,1002002-069,增,,"保生里
（由保安里分割）",,
嘉義市,西區,1002002-070,增,,"北新里
（由東區荖藤里、北湖里、保安里、湖邊里及新厝里分割）",,
嘉義市,西區,1002002-004,刪,"長安里
（併入慶安里及北榮里）",,,
嘉義市,西區,1002002-006,刪,"竹文里
（併入後驛里及竹圍里）",,,
嘉義市,西區,1002002-007,刪,"慶昌里
（併入慶安里）",,,
嘉義市,西區,1002002-008,刪,"小湖里
（併入後驛里）",,,
嘉義市,西區,1002002-023,刪,"力行里
（併入永和里）",,,
嘉義市,西區,1002002-024,刪,"菜園里
（併入書院里及永和里）",,,
嘉義市,西區,1002002-025,刪,"集英里
（併入永和里）",,,
嘉義市,西區,1002002-026,刪,"驛站里
（併入書院里）",,,
嘉義市,西區,1002002-027,刪,"義昌里
（併入西榮里）",,,
嘉義市,西區,1002002-028,刪,"自治里
（併入書院里及西榮里）",,,
嘉義市,西區,1002002-029,刪,"福松里
（併入新富里）",,,
嘉義市,西區,1002002-030,刪,"民安里
（併入書院里）",,,
嘉義市,西區,1002002-032,刪,"學圃里
（併入新富里及西榮里）",,,
嘉義市,西區,1002002-033,刪,"大業里
（併入文化里）",,,
嘉義市,西區,1002002-034,刪,"中庸里
（併入文化里）",,,
嘉義市,西區,1002002-035,刪,"康莊里
（併入西榮里）",,,
嘉義市,西區,1002002-036,刪,"功科里
（併入西榮里）",,,
嘉義市,西區,1002002-037,刪,"榮檜里
（併入國華里）",,,
嘉義市,西區,1002002-038,刪,"通運里
（併入番社里）",,,
嘉義市,西區,1002002-039,刪,"慶昇里
（併入番社里）",,,
嘉義市,西區,1002002-040,刪,"民生里
（併入番社里）",,,
嘉義市,西區,1002002-041,刪,"社內里
（併入番社里）",,,
嘉義市,西區,1002002-042,刪,"北杏里
（併入國華里）",,,
嘉義市,西區,1002002-043,刪,"華明里
（併入導明里及培元里）",,,
嘉義市,西區,1002002-044,刪,"導民里
（併入導明里及育英里）",,,
苗栗縣,竹南鎮,1000504-024,增,,"天文里
(由龍鳳里分割)",,
苗栗縣,竹南鎮,1000504-025,增,,"龍山里
(由龍鳳里分割)",,
苗栗縣,頭份鎮,1000505-032,增,,"文化里
(由合興里分割)",,
桃園縣,八德市,1000308-047,增,,"永豐里
(由茄苳里分割)",,
臺北縣,汐止市,1000111-047,增,,"建成里
(由橋東里分割)",40238,
臺北縣,汐止市,1000111-048,增,,"城中里
(由橋東里分割)",,
臺北縣,汐止市,1000111-049,增,,"湖蓮里
(由湖光里分割)",,
臺北縣,汐止市,1000111-050,增,,"保新里
(由保長里分割)",,
臺北縣,淡水鎮,1000110-042,增,,"大庄里
(由沙崙里分割)",,
臺北縣,三峽鎮,1000109-027,增,,"龍學里
(由龍埔里分割)",40301,
臺北縣,三峽鎮,1000109-028,增,,"龍恩里
(由龍埔里分割)",,
臺北市,文山區,6300800-040,增,,"政大里
(由萬興里分割)",40360,
臺北市,文山區,6300800-041,增,,"樟文里
(由樟新里分割)",,
臺北市,文山區,6300800-042,增,,"興邦里
(由興豐里分割)",,
臺北市,文山區,6300800-043,增,,"樟樹里
(由樟腳里分割)",,
臺北市,南港區,6300900-020,增,,"重陽里
(由東新里分割)",,
臺北市,內湖區,6301000-039,增,,"寶湖里
(由湖興里分割)",,
臺北市,內湖區,6301000-040,增,,"南湖里
(由葫洲里分割)",,
臺南市,東區,1002101-014,刪,"復國里
（併入後甲里）",,40386,
臺南市,東區,1002101-026,刪,"中興里
（併入後甲里）",,,
桃園縣,楊梅鎮,1000304,修,,楊梅市,40391,
新竹縣,寶山鄉,1000410-010,增,,"雙新村
（由雙溪村分割）",39845,
新竹縣,新豐鄉,1000406-014,增,,"忠孝村
（由員山村分割）",,
新竹縣,新豐鄉,1000406-015,增,,"山崎村
（由員山村分割）",,
新竹縣,新豐鄉,1000406-016,增,,"松柏村
（由松林村分割）",,
新竹縣,新豐鄉,1000406-017,增,,"崎頂村
（由重興村分割）",,
高雄縣,桃源鄉,1001226-007,修,梅蘭村,拉芙蘭村,39944,
臺北縣,淡水鎮,1000110-034,增,,"新義里
（由新興里分割）",39965,
臺北縣,淡水鎮,1000110-035,增,,"新春里
（由新興里分割）",,
臺北縣,淡水鎮,1000110-036,增,,"新民里
（由新興里分割）",,
臺北縣,淡水鎮,1000110-037,增,,"正德里
（由水碓里分割）",,
臺北縣,淡水鎮,1000110-038,增,,"北新里
（由水碓里分割）",,
臺北縣,淡水鎮,1000110-039,增,,"民權里
（由竹圍里分割）",,
臺北縣,淡水鎮,1000110-040,增,,"幸福里
（由鄧公里分割）",,
臺北縣,淡水鎮,1000110-041,增,,"學府里
（由鄧公里分割）",,
高雄市,小港區,6401100-039,刪,"海澄里
(併入鳳森里)",,39995,
高雄市,小港區,6401100-040,刪,"海昌里
(併入鳳森里)",,,
高雄市,小港區,6401100-041,刪,"海豐里
(併入鳳森里)",,,
高雄市,小港區,6401100-042,刪,"海原里
(併入鳳森里)",,,
高雄市,小港區,6401100-043,刪,"海城里
(併入鳳森里)",,,
高雄縣,岡山鎮,1001208-015,刪,復興里,,40178,
高雄縣,那瑪夏（原三民鄉）,1001227-001,修,民生村,達卡努瓦村,39539,
高雄縣,那瑪夏（原三民鄉）,1001227-002,修,民權村,瑪雅村,,
高雄縣,那瑪夏（原三民鄉）,1001227-003,修,民族村,南沙魯村,,
高雄縣,岡山鎮,1001208-014,刪,"仁愛里
（併入信義里）",,39326,
高雄縣,岡山鎮,1001208-019,刪,"四維里
（併入信義里）",,,
臺中縣,太平市,1000619-020,增,　,"永成里
（由長億里分割）",38740,
臺中縣,太平市,1000619-021,增,　,"永平里
（由中興里分割）",,
臺中縣,太平市,1000619-022,增,　,"成功里
（由東平里分割）",,
臺中縣,太平市,1000619-023,增,　,"東和里
（由東平里分割）",,
臺中縣,太平市,1000619-024,增,　,"中政里
（由中平里分割）",,
臺中縣,太平市,1000619-025,增,　,"平安里
（由中平里分割）",,
臺中縣,太平市,1000619-026,增,　,"建興里
（由建國里分割）",,
臺中縣,太平市,1000619-027,增,　,"新興里
（由新光里分割）",,
臺中縣,太平市,1000619-028,增,　,"新高里
（由新光里分割）",,
臺中縣,太平市,1000619-029,增,　,"新吉里
（由新坪里分割）",,
臺中縣,太平市,1000619-030,增,　,"新城里
（由新坪里分割）",,
臺中縣,太平市,1000619-031,增,　,"宜佳里
（由宜欣里分割）",,
臺中縣,太平市,1000619-032,增,　,"宜昌里
（由宜欣里分割）",,
臺中縣,太平市,1000619-033,增,　,"光明里
（由光華里分割）",,
臺中縣,太平市,1000619-034,增,　,"豐年里
（由中山里分割）",,
臺中縣,太平市,1000619-035,增,　,"大興里
（由坪林里分割）",,
臺中縣,太平市,1000619-036,增,　,"勤益里
（由坪林里分割）",,
臺中縣,太平市,1000619-037,增,　,"聖和里
（由頭汴里分割）",,
臺中縣,太平市,1000619-038,增,　,"福隆里
（由興隆里分割）",,
臺中縣,太平市,1000619-039,增,　,"永隆里
（由光隆里分割）",,
臺南縣,學甲鎮,1001113-001,刪,"一秀里
（併入秀昌里）",　,38749,
臺南縣,學甲鎮,1001113-002,刪,"西明里
（併入明宜里）",　,,
臺南縣,學甲鎮,1001113-003,刪,"宜民里
（併入明宜里）",　,,
臺南縣,學甲鎮,1001113-004,刪,"煥昌里
（併入秀昌里）",　,,
臺南縣,學甲鎮,1001113-005,刪,"慈生里
（併入慈福里）",　,,
臺南縣,學甲鎮,1001113-007,刪,"新生里
（併入新達里）",　,,
臺南縣,學甲鎮,1001113-008,刪,"百福里
（併入慈福里）",　,,
臺南縣,學甲鎮,1001113-010,刪,"文化里
（併入文安里）",　,,
臺南縣,學甲鎮,1001113-011,刪,"大安里
（併入文安里）",　,,
臺南縣,學甲鎮,1001113-012,刪,"美豐里
（併入豐和里）",　,,
臺南縣,學甲鎮,1001113-013,刪,"美和里
（併入豐和里）",　,,
臺南縣,學甲鎮,1001113-014,刪,"達明里
（併入新達里）",　,,
臺南縣,學甲鎮,1001113-015,刪,"光明里
（併入中洲里）",　,,
臺南縣,學甲鎮,1001113-016,刪,"民吉里
（併入中洲里）",　,,
臺南縣,學甲鎮,1001113-017,刪,"西進里
（併入中洲里）",　,,
臺南縣,學甲鎮,1001113-018,刪,"白渚里
（併入中洲里）",　,,
臺南縣,學甲鎮,1001113-020,刪,"頭港里
（併入光華里）",　,,
臺南縣,學甲鎮,1001113-022,刪,"平東里
（併入平和里）",　,,
臺南縣,學甲鎮,1001113-023,刪,"平西里
（併入平和里）",　,,
臺南縣,學甲鎮,1001113-024,刪,"頂洲里
（併入三興里）",　,,
臺南縣,學甲鎮,1001113-025,刪,"紅茄里
（併入三興里）",　,,
臺南縣,學甲鎮,1001113-026,刪,"新芳里
（併入三興里）",　,,
臺南縣,學甲鎮,1001113-027,增,　,"慈福里
（由慈生里及百福里合併）",,
臺南縣,學甲鎮,1001113-028,增,　,"秀昌里
（由一秀里及煥昌里合併）",,
臺南縣,學甲鎮,1001113-029,增,　,"明宜里
（由西明里及宜民里合併）",,
臺南縣,學甲鎮,1001113-030,增,　,"豐和里
（由美豐里及美和里合併）",,
臺南縣,學甲鎮,1001113-031,增,　,"平和里
（由平東里及平西里合併）",,
臺南縣,學甲鎮,1001113-032,增,　,"新達里
（由新生里及達明里合併）",,
臺南縣,學甲鎮,1001113-033,增,　,"文安里
（由文化里及大安里合併）",,
臺南縣,學甲鎮,1001113-034,增,　,"三興里
（由頂洲里、紅茄里及新芳里合併）",,
臺南縣,學甲鎮,1001113-035,增,　,"中洲里
（由光明里、民吉里、西進里及白渚里合併）",,
高雄縣,岡山鎮,1001208-036,增,,"仁義里
（由忠孝里分割）",38718,
臺南縣,學甲鎮,1001113-033,修,文安里,大灣里,38750,
高雄縣,旗山鎮,1001219-004,刪,"鼓山里
（併入湄洲里）",　,38749,
高雄縣,旗山鎮,1001219-005,刪,"和平里
（併入竹峰里）",　,,
高雄縣,旗山鎮,1001219-010,刪,"新山里
（併入湄洲里及竹峰里）",　,,
高雄縣,旗山鎮,1001219-024,刪,"糖廠里
（併入東昌里）",　,,
高雄縣,鳳山市,1001201-021,刪,"美齡里
（併入埤頂里及中正里）",　,38718,
高雄縣,鳳山市,1001201-079,增,　,"保安里
（由正義里分割）",,
臺南縣,學甲鎮,1001113-034,修,三興里,三慶里,38750,
苗栗縣,通霄鎮,1000503-024,增,,"平安里
（由平元里分割）",38749,
臺中縣,大雅鄉,1000610-014,增,　,"大楓村
（由上楓村分割）",38740,
臺中縣,大雅鄉,1000610-015,增,　,"雅楓村
（由上楓村分割）",,
苗栗縣,苗栗市,1000501-028,增,　,"文聖里
（由文山里分割）",38749,
高雄市,左營區,6400300-018,刪,"自治里
（併入合群里）",　,38749,
高雄市,左營區,6400300-020,刪,"自立里
（併入明建里）",　,,
高雄市,左營區,6400300-033,刪,"自勉里
（併入崇實里）",　,,
臺北縣,五股鄉,1000115-020,增,　,"福德村
（由德泰村分割）",,
宜蘭縣,羅東鎮,1000202-001,刪,"開羅里
（併入開明里）",　,38749,
宜蘭縣,羅東鎮,1000202-002,刪,"開元里
（併入開明里）",　,,
宜蘭縣,羅東鎮,1000202-003,刪,"東明里
（併入開明里）",　,,
宜蘭縣,羅東鎮,1000202-012,刪,"居仁里
（併入仁德里及仁和里）",　,,
宜蘭縣,羅東鎮,1000202-013,刪,"義和里
（併入仁和里）",　,,
宜蘭縣,羅東鎮,1000202-014,刪,"羅東里
（併入中山里）",　,,
宜蘭縣,羅東鎮,1000202-015,刪,"浮崙里
（併入中山里）",　,,
宜蘭縣,羅東鎮,1000202-026,增,　,"國華里
（由北成里分割）",,
宜蘭縣,羅東鎮,1000202-027,增,　,"維揚里
（由西安里分割）",,
宜蘭縣,羅東鎮,1000202-028,增,　,"開明里
（由開羅里、開元里及東明里合併）",,
宜蘭縣,羅東鎮,1000202-029,增,　,"中山里
（由羅東里及浮崙里合併）",,
宜蘭縣,羅東鎮,1000202-030,增,　,"仁和里
（由居仁里(部分)及義和里合併）",,
臺北縣,泰山鄉,1000116-016,增,　,"福興村
（由福泰村分割）",38749,
臺北縣,泰山鄉,1000116-017,增,　,"全興村
（由同興村分割）",,
苗栗縣,頭份鎮,1000505-030,增,　,"自強里
（由忠孝里分割）",38749,
苗栗縣,頭份鎮,1000505-031,增,　,"合興里
（由後庄里分割）",,
桃園縣,八德市,1000308-044,增,　,"廣德里
（由廣興里分割）",38718,
桃園縣,八德市,1000308-045,增,　,"龍友里
（由霄裡里分割）",,
桃園縣,八德市,1000308-046,增,　,"陸光里
（由大同里分割）",,
高雄縣,大寮鄉,1001203-025,刪,"復興村
（併入光武村）",　,,
臺南市,東　區,1002101-054,增,　,"南聖里
（由關聖里分割）",38726,
臺南市,東　區,1002101-055,增,　,"文聖里
（由關聖里分割）",,
彰化縣,和美鎮,1000703-032,增,　,"仁愛里
（由山犁里分割）",38749,
桃園縣,桃園市,1000301-070,增,　,"中聖里
（由中泰里分割）",,
桃園縣,桃園市,1000301-071,增,　,"龍壽里
（由龍祥里分割）",,
桃園縣,桃園市,1000301-072,增,　,"同德里
（由中寧里分割）",,
桃園縣,桃園市,1000301-073,增,　,"明德里
（由中寧里分割）",,
桃園縣,桃園市,1000301-074,增,　,"寶安里
（由寶慶里分割）",,
桃園縣,桃園市,1000301-075,增,　,"瑞慶里
（由北埔里分割）",,
桃園縣,桃園市,1000301-076,增,　,"三元里
（由忠義里分割）",,
臺南市,南　區,1002101-002,刪,"興中里
（併入明德里）",,,
基隆市,信義區,1001707-020,增,,"孝忠里
（由孝德里分割）",38719,
基隆市,安樂區,1001706-025,增,　,"壯觀里
（由三民里分割）",,
基隆市,七堵區,1001702-020,增,　,"長安里
（由堵南里分割）",,
桃園縣,大園鄉,1000306-009,刪,"建華村
（併入大海村）",　,38749,
嘉義市,東　區,1002001-023,刪,"希康里
（併入東山里）",　,38749,
嘉義市,東　區,1002001-027,刪,"志航里
（併入神農里、龍山里及東山里）",　,,
新竹市,"東  區",1001801-034,刪,"偉功里
（併入武功里）",,38899,
屏東縣,屏東市,1001301-072,刪,"大鵬里
（併入廣興里）",,38453,
臺北縣,金山鄉,1000127-015,增,,"金美村
（由美田村分割）",38504,
桃園縣,龍潭鄉,1000309-005,刪,"干城村
（併入龍祥村）",,38626,
臺北縣,瑞芳鎮,1000112-014,修,侯硐里,猴硐里,38534,
屏東縣,屏東市,1001301-081,增,,"崇武里
（由大武里分割）",38558,
桃園縣,中壢市,1000302-080,增,　,"興平里
（由興國里分割）",38626,
桃園縣,中壢市,1000302-081,增,　,"中興里
（由中山里分割）",,
臺南縣,新營市,1001101-029,增,　,"新東里
（由王公里分割）",38657,
臺南市,西　區,1002103-004,刪,普濟里,　,37987,
臺南市,西　區,1002103-006,刪,水仙里,　,,
臺南市,西　區,1002103-008,刪,藥王里,　,,
臺南市,西　區,1002103-009,刪,協和里,　,,
臺南市,西　區,1002103-012,刪,文賢里,　,,
臺南市,西　區,1002103-013,刪,光賢里,　,,
臺南市,西　區,1002103-015,刪,元安里,　,,
臺南市,西　區,1002103-016,刪,協進里,　,,
臺南市,西　區,1002103-017,刪,安海里,　,,
臺南市,西　區,1002103-018,刪,民生里,　,,
臺南市,西　區,1002103-020,刪,中正里,　,,
臺南市,西　區,1002103-023,刪,大涼里,　,,
臺南市,西　區,1002103-024,刪,民主里,　,,
臺南市,西　區,1002103-029,刪,西湖里,　,,
臺南市,西　區,1002103-030,刪,西賢里,　,,
臺南市,西　區,1002103-031,刪,三合里,　,,
臺南市,西　區,1002103-032,刪,民權里,　,,
臺南市,西　區,1002103-033,刪,保安里,　,,
臺南市,西　區,1002103-034,刪,郡西里,　,,
臺南市,中　區,1002105-003,刪,公正里,　,,
臺南市,中　區,1002105-007,刪,銀同里,　,,
臺南市,中　區,1002105-014,刪,小西里,　,,
臺南市,中　區,1002105-017,刪,仙草里,　,,
臺南市,中　區,1002105-019,刪,赤嵌里,　,,
臺南市,中　區,1002105-022,刪,五妃里,　,,
臺南市,中　區,1002105-027,刪,郡王里,　,,
臺南市,中　區,1002105-030,刪,福安里,　,,
臺南市,中　區,1002105-031,刪,法華里,　,,
臺南市,中　區,1002105-032,刪,大南里,　,,
臺南市,中　區,1002105-034,刪,開山里,　,,
臺南市,中　區,1002105-035,刪,進學里,　,,
臺南市,中　區,1002105-036,刪,建國里,　,,
臺南市,中　區,1002105-037,刪,青年里,　,,
臺南市,中　區,1002105-038,刪,永福里,　,,
臺南市,中　區,1002105-039,刪,永華里,　,,
臺南市,中　區,1002105-040,刪,天后里,　,,
臺南市,中　區,1002105-041,刪,三民里,　,,
臺南市,中　區,1002105-042,刪,萬昌里,　,,
臺南市,中西區,1002108-001,增,　,公正里,,
臺南市,中西區,1002108-002,增,　,銀同里,,
臺南市,中西區,1002108-003,增,　,小西里,,
臺南市,中西區,1002108-004,增,　,仙草里,,
臺南市,中西區,1002108-005,增,　,赤嵌里,,
臺南市,中西區,1002108-006,增,　,五妃里,,
臺南市,中西區,1002108-007,增,　,郡王里,,
臺南市,中西區,1002108-008,增,　,福安里,,
臺南市,中西區,1002108-009,增,　,法華里,,
臺南市,中西區,1002108-010,增,　,大南里,,
臺南市,中西區,1002108-011,增,　,開山里,,
臺南市,中西區,1002108-012,增,　,進學里,,
臺南市,中西區,1002108-013,增,　,建國里,,
臺南市,中西區,1002108-014,增,　,青年里,,
臺南市,中西區,1002108-015,增,　,永福里,,
臺南市,中西區,1002108-016,增,　,永華里,,
臺南市,中西區,1002108-017,增,　,天后里,,
臺南市,中西區,1002108-018,增,　,三民里,,
臺南市,中西區,1002108-019,增,　,萬昌里,,
臺南市,中西區,1002108-020,增,　,普濟里,,
臺南市,中西區,1002108-021,增,　,水仙里,,
臺南市,中西區,1002108-022,增,　,藥王里,,
臺南市,中西區,1002108-023,增,　,協和里,,
臺南市,中西區,1002108-024,增,　,文賢里,,
臺南市,中西區,1002108-025,增,　,光賢里,,
臺南市,中西區,1002108-026,增,　,元安里,,
臺南市,中西區,1002108-027,增,　,協進里,,
臺南市,中西區,1002108-028,增,　,安海里,,
臺南市,中西區,1002108-029,增,　,民生里,,
臺南市,中西區,1002108-030,增,　,中正里,,
臺南市,中西區,1002108-031,增,　,大涼里,,
臺南市,中西區,1002108-032,增,　,民主里,,
臺南市,中西區,1002108-033,增,　,西湖里,,
臺南市,中西區,1002108-034,增,　,西賢里,,
臺南市,中西區,1002108-035,增,　,三合里,,
臺南市,中西區,1002108-036,增,　,民權里,,
臺南市,中西區,1002108-037,增,　,保安里,,
臺南市,中西區,1002108-038,增,　,郡西里,,
臺南縣,新市鄉,1001120-005,修,豊華村,豐華村,37739,
臺中市,"中  區",1001901-029,修,吉祥里,柳川里,37712,
臺南市,"中  區",1002105-035,修,忠義里,進學里,37942,
臺北縣,新店市,1000106-068,增,　,"達觀里
（由德安里分割）",37288,
臺北縣,新店市,1000106-069,增,　,"華城里
（由塗潭里分割）",,
臺北縣,林口鄉,1000117-015,增,　,"仁愛村
（由南勢村分割）",,
臺北縣,林口鄉,1000117-016,增,　,"麗林村
（由南勢村分割）",,
臺北縣,林口鄉,1000117-017,增,　,"麗園村
（由東勢村分割）",,
桃園縣,中壢市,1000302-075,增,　,"仁和里
（由仁德里分割）",37291,
桃園縣,中壢市,1000302-076,增,　,"華愛里
（由仁愛里分割）",,
桃園縣,中壢市,1000302-077,增,　,"莊敬里
（由自強里分割）",,
桃園縣,中壢市,1000302-078,增,　,"自治里
（由自強里分割）",,
桃園縣,中壢市,1000302-079,增,　,"健行里
（由東興里分割）",,
桃園縣,龜山鄉,1000307-027,增,　,"大湖村
（由公西村及大崗村分割）",37288,
桃園縣,龜山鄉,1000307-028,增,　,"大華村
（由大崗村分割）",,
桃園縣,龜山鄉,1000307-029,增,　,"長庚村
（由樂善村分割）",,
桃園縣,龜山鄉,1000307-030,增,　,"新興村
（由中興村分割）",,
桃園縣,八德市,1000308-040,增,　,"瑞興里
（由瑞豐里分割）",37292,
桃園縣,八德市,1000308-041,增,　,"大愛里
（由大興里分割）",,
桃園縣,八德市,1000308-042,增,　,"大宏里
（由大智里分割）",,
桃園縣,八德市,1000308-043,增,　,"大漢里
（由大千里分割）",,
桃園縣,龍潭鄉,1000309-020,增,　,"永興村
（由黃唐村分割）",37291,
桃園縣,龍潭鄉,1000309-021,增,　,"烏樹林村
（由烏林村分割）",,
桃園縣,龍潭鄉,1000309-022,增,　,"百年村
（由烏林村分割）",,
桃園縣,龍潭鄉,1000309-023,增,　,"龍祥村
（由凌雲村分割）",,
桃園縣,龍潭鄉,1000309-024,增,　,"聖德村
（由八德村分割）",,
桃園縣,龍潭鄉,1000309-025,增,　,"龍星村
（由中正村分割）",,
桃園縣,龍潭鄉,1000309-026,增,　,"上華村
（由中正村分割）",,
桃園縣,龍潭鄉,1000309-027,增,　,"武漢村
（由九龍村分割）",,
桃園縣,龍潭鄉,1000309-028,增,　,"東興村
（由中興村分割）",,
桃園縣,龍潭鄉,1000309-029,增,　,"北興村
（由中興村分割）",,
桃園縣,龍潭鄉,1000309-030,增,　,"建林村
（由三林村分割）",,
桃園縣,龍潭鄉,1000309-031,增,　,"富林村
（由三林村分割）",,
桃園縣,平鎮市,1000310-042,增,　,"復興里
（由復旦里分割）",37288,
桃園縣,平鎮市,1000310-043,增,　,"平興里
（由宋屋里分割）",,
桃園縣,平鎮市,1000310-044,增,　,"新英里
（由新富里分割）",,
桃園縣,平鎮市,1000310-045,增,　,"平安里
（由金星里分割）",,
桃園縣,平鎮市,1000310-046,增,　,"平南里
（由金星里分割）",,
苗栗縣,苗栗市,1000501-025,增,　,"福安里
（由福星里分割）",37257,
苗栗縣,苗栗市,1000501-026,增,　,"嘉新里
（由嘉盛里分割）",,
苗栗縣,苗栗市,1000501-027,增,　,"南勢里
（由新英里分割）",,
苗栗縣,竹南鎮,1000504-023,增,　,"佳興里
（由山佳里分割）",,
臺中縣,沙鹿鎮,1000605-021,增,　,"三鹿里
（由埔子里分割）",37294,
臺中縣,后里鄉,1000607-015,刪,"樂業村
（併入眉山村）",　,,
臺中縣,后里鄉,1000607-019,增,　,"義德村
（由義里村分割）",,
臺中縣,潭子鄉,1000609-014,增,　,"頭家東村
（由頭家村分割）",,
臺中縣,潭子鄉,1000609-015,增,　,"家興村
（由頭家村分割）",,
臺中縣,潭子鄉,1000609-016,增,　,"家福村
（由頭家村分割）",,
臺中縣,大肚鄉,1000616-017,增,　,"自強村
（由蔗村分割）",,
臺中縣,大里市,1000620-021,增,　,"國光里
（由新里里分割）",37291,
臺中縣,大里市,1000620-022,增,　,"大明里
（由東興里分割）",,
臺中縣,大里市,1000620-023,增,　,"永隆里
（由東興里分割）",,
臺中縣,大里市,1000620-024,增,　,"長榮里
（由西榮里分割）",,
臺中縣,大里市,1000620-025,增,　,"中新里
（由內新里分割）",,
臺中縣,大里市,1000620-026,增,　,"立德里
（由立仁里分割）",,
臺中縣,大里市,1000620-027,增,　,"仁德里
（由仁化里分割）",,
彰化縣,員林鎮,1000710-040,增,　,"仁愛里
（由三條里分割）",37294,
彰化縣,員林鎮,1000710-041,增,　,"忠孝里
（由三條里分割）",,
雲林縣,斗六市,1000901-036,增,　,"公誠里
（由信義里分割）",37288,
雲林縣,斗六市,1000901-037,增,　,"明德里
（由信義里分割）",,
雲林縣,斗六市,1000901-038,增,　,"成功里
（由林頭里分割）",,
臺南縣,後壁鄉,1001105-016,刪,"烏林村
（併入烏樹村）",　,,
高雄縣,橋頭鄉,1001209-003,刪,"興糖村
（併入橋南村）",,37469,
高雄縣,橋頭鄉,1001209-018,增,　,"三德村
（由芋寮村分割）",37257,
高雄縣,湖內鄉,1001214-014,增,　,"湖東村
（由湖內村分割）",37292,
屏東縣,屏東市,1001301-052,刪,"崇武里
（併入大武里）",,37347,
花蓮縣,花蓮市,1001501-042,增,　,"主安里
（由主農里分割）",37288,
花蓮縣,花蓮市,1001501-043,增,　,"國盛里
（由國聯里分割）",,
花蓮縣,花蓮市,1001501-044,增,　,"國興里
（由國慶里分割）",,
花蓮縣,花蓮市,1001501-045,增,　,"民孝里
（由民享里分割）",,
基隆市,中正區,1001701-026,增,　,"新富里
（由新豐里分割）",,
基隆市,中山區,1001705-024,增,　,"和慶里
（由中和里分割）",,
基隆市,安樂區,1001706-023,增,　,"興寮里
（由外寮里分割）",,
基隆市,安樂區,1001706-024,增,　,"鶯安里
（由鶯歌里分割）",,
基隆市,信義區,1001707-019,增,　,"孝德里
（由孝深里分割）",,
臺中市,中區,1001901-001,刪,"中山里
（併入綠川里）",　,,
臺中市,中區,1001901-002,刪,"建國里
（併入綠川里）",　,,
臺中市,中區,1001901-003,刪,"南京里
（併入繼光里及綠川里）",　,,
臺中市,中區,1001901-004,刪,"繼榮里
（併入繼光里）",　,,
臺中市,中區,1001901-006,刪,"自由里
（併入公園里）",　,,
臺中市,中區,1001901-007,刪,"重慶里
（併入公園里）",　,,
臺中市,中區,1001901-008,刪,"錦上里
（併入光復里）",　,,
臺中市,中區,1001901-009,刪,"錦添里
（併入光復里）",　,,
臺中市,中區,1001901-010,刪,"錦花里
（併入公園里及光復里）",　,,
臺中市,中區,1001901-012,刪,"中墩里
（併入大墩里）",　,,
臺中市,中區,1001901-013,刪,"東墩里
（併入大墩里）",　,,
臺中市,中區,1001901-014,刪,"柳岸里
（併入吉祥里）",　,,
臺中市,中區,1001901-015,刪,"柳堤里
（併入吉祥里）",　,,
臺中市,中區,1001901-016,刪,"柳原里
（併入吉祥里）",　,,
臺中市,中區,1001901-017,刪,"正音里
（併入大誠里）",　,,
臺中市,中區,1001901-018,刪,"中音里
（併入大誠里）",　,,
臺中市,中區,1001901-019,刪,"光音里
（併入大誠里）",　,,
臺中市,中區,1001901-020,刪,"青松里
（併入中華里）",　,,
臺中市,中區,1001901-021,刪,"博松里
（併入中華里）",　,,
臺中市,中區,1001901-022,刪,"愛松里
（併入中華里）",　,,
臺中市,中區,1001901-023,刪,"中功里
（併入中華里）",　,,
臺中市,中區,1001901-024,刪,"中榮里
（併入中華里）",　,,
臺中市,中區,1001901-025,刪,"中政里
（併入大誠里）",　,,
臺中市,中區,1001901-026,增,　,"綠川里
（由中山里、建國里及南京里(部分)合併）",,
臺中市,中區,1001901-027,增,　,"公園里
（由自由里、重慶里及錦花里(部分)合併）",,
臺中市,中區,1001901-028,增,　,"光復里
（由錦上里、錦添里及錦花里(部分)合併）",,
臺中市,中區,1001901-029,增,　,"吉祥里
（由柳岸里、柳堤里及柳原里合併）",,
臺中市,中區,1001901-030,增,　,"大誠里
（由正音里、中音里、光音里及中政里合併）",,
臺中市,中區,1001901-031,增,　,"中華里
（由青松里、博松里、愛松里、中功里及中榮里合併）",,
臺中市,東區,1001902-002,刪,"立德里
（併入新庄里）",　,,
臺中市,東區,1001902-003,刪,"朱文里
（併入新庄里及泉源里）",　,,
臺中市,東區,1001902-004,刪,"翰第里
（併入新庄里及泉源里）",　,,
臺中市,東區,1001902-006,刪,"曙峰里
（併入振興里）",　,,
臺中市,東區,1001902-007,刪,"頂峰里
（併入東興里）",　,,
臺中市,東區,1001902-008,刪,"忠孝里
（併入振興里及泉源里）",　,,
臺中市,東區,1001902-011,刪,"樂業里
（併入泉源里）",　,,
臺中市,東區,1001902-012,刪,"文化里
（併入干城里）",　,,
臺中市,東區,1001902-015,刪,"祖聖里
（併入旱溪里）",　,,
臺中市,東區,1001902-021,刪,"東明里
（併入東勢里）",　,,
臺中市,東區,1001902-023,刪,"成功里
（併入干城里）",　,,
臺中市,東區,1001902-025,刪,"尚武里
（併入富仁里）",　,,
臺中市,東區,1001902-026,刪,"練武里
（併入干城里及富仁里）",　,,
臺中市,東區,1001902-030,增,　,"東英里
（由十甲里分割）",,
臺中市,南區,1001903-001,刪,"南興里
（併入長春里）",　,,
臺中市,南區,1001903-002,刪,"正義里
（併入長春里）",　,,
臺中市,南區,1001903-003,刪,"民主里
（併入長榮里）",　,,
臺中市,南區,1001903-004,刪,"復興里
（併入長榮里）",　,,
臺中市,南區,1001903-005,刪,"萬安里
（併入長春里）",　,,
臺中市,南區,1001903-006,刪,"信義里
（併入城隍里）",　,,
臺中市,南區,1001903-008,刪,"頂南里
（併入城隍里）",　,,
臺中市,南區,1001903-009,刪,"中南里
（併入城隍里及國光里）",　,,
臺中市,南區,1001903-023,增,　,"長春里
（由南興里、正義里及萬安里合併）",,
臺中市,南區,1001903-024,增,　,"長榮里
（由民主里及復興里合併）",,
臺中市,南區,1001903-025,增,　,"福順里
（由福平里分割）",,
臺中市,南區,1001903-026,增,　,"平和里
（由和平里及西川里分割）",,
臺中市,南區,1001903-027,增,　,"南和里
（由和平里及永興里分割）",,
臺中市,南區,1001903-028,增,　,"永和里
（由和平里及永興里分割）",,
臺中市,南區,1001903-029,增,　,"工學里
（由和平里及樹義里分割）",,
臺中市,南區,1001903-030,增,　,"崇倫里
（由西川里分割）",,
臺中市,西區,1001904-001,刪,"福壽里
（併入民生里）",　,,
臺中市,西區,1001904-003,刪,"光明里
（併入民生里）",　,,
臺中市,西區,1001904-008,刪,"平民里
（併入廣民里及平和里）",　,,
臺中市,西區,1001904-011,刪,"中民里
（併入東昇里及藍興里）",　,,
臺中市,西區,1001904-014,刪,"平龍里
（併入和龍里）",　,,
臺中市,西區,1001904-016,刪,"元龍里
（併入和龍里及民龍里）",　,,
臺中市,西區,1001904-018,刪,"福龍里
（併入和龍里及後龍里）",　,,
臺中市,西區,1001904-020,刪,"靖龍里
（併入後龍里）",　,,
臺中市,西區,1001904-021,刪,"雲龍里
（併入昇平里及双龍里）",　,,
臺中市,西區,1001904-022,刪,"永龍里
（併入双龍里）",　,,
臺中市,西區,1001904-032,增,　,"公平里
（由公正里分割）",,
臺中市,西區,1001904-033,增,　,"公德里
（由公正里分割）",,
臺中市,西區,1001904-034,增,　,"双龍里
（由永龍里及雲龍里(部分)合併）",,
臺中市,西區,1001904-035,增,　,"大忠里
（由吉龍里及土庫里分割）",,
臺中市,北區,1001905-001,刪,"高風里
（併入中正里）",　,,
臺中市,北區,1001905-002,刪,"遠志里
（併入中正里）",　,,
臺中市,北區,1001905-003,刪,"光華里
（併入中正里）",　,,
臺中市,北區,1001905-004,刪,"高平里
（併入中正里）",　,,
臺中市,北區,1001905-005,刪,"南靖里
（併入中正里）",　,,
臺中市,北區,1001905-006,刪,"文正里
（併入六合里）",　,,
臺中市,北區,1001905-007,刪,"大安里
（併入六合里）",　,,
臺中市,北區,1001905-008,刪,"長安里
（併入六合里）",　,,
臺中市,北區,1001905-009,刪,"光興里
（併入六合里）",　,,
臺中市,北區,1001905-010,刪,"光榮里
（併入六合里）",　,,
臺中市,北區,1001905-011,刪,"光正里
（併入六合里）",　,,
臺中市,北區,1001905-014,刪,"湖北里
（併入大湖里）",　,,
臺中市,北區,1001905-015,刪,"中湖里
（併入大湖里）",　,,
臺中市,北區,1001905-016,刪,"湖南里
（併入大湖里）",　,,
臺中市,北區,1001905-017,刪,"平等里
（併入錦平里）",　,,
臺中市,北區,1001905-019,刪,"仁和里
（併入大湖里）",　,,
臺中市,北區,1001905-020,刪,"香蕉里
（併入大湖里）",　,,
臺中市,北區,1001905-021,刪,"錦和里
（併入錦平里）",　,,
臺中市,北區,1001905-023,刪,"武順里
（併入新興里）",　,,
臺中市,北區,1001905-045,增,　,"中正里
（由高風里、遠志里、光華里、高平里及南靖里合併）",,
臺中市,北區,1001905-046,增,　,"六合里
（由文正里、大安里、長安里、光興里、光榮里及光正里合併）",,
臺中市,北區,1001905-047,增,　,"大湖里
（由湖北里、中湖里、湖南里、仁和里及香蕉里合併）",,
臺中市,北區,1001905-048,增,　,"錦平里
（由平等里及錦和里合併）",,
臺中市,北區,1001905-049,增,　,"建德里
（由建成里分割）",,
臺中市,北區,1001905-050,增,　,"崇德里
（由頂厝里分割）",,
臺中市,北區,1001905-051,增,　,"賴旺里
（由賴興里分割）",,
臺中市,北區,1001905-052,增,　,"明新里
（由明德里分割）",,
臺中市,北區,1001905-053,增,　,"立人里
（由長青里分割）",,
臺中市,北區,1001905-054,增,　,"梅川里
（由賴明里分割）",,
臺中市,北區,1001905-055,增,　,"賴福里
（由賴厝里分割）",,
臺中市,西屯區,1001906-026,增,　,"至善里
（由西安里分割）",,
臺中市,西屯區,1001906-027,增,　,"上安里
（由上石里分割）",,
臺中市,西屯區,1001906-028,增,　,"上德里
（由上石里分割）",,
臺中市,西屯區,1001906-029,增,　,"逢福里
（由逢甲里分割）",,
臺中市,西屯區,1001906-030,增,　,"何明里
（由何厝里分割）",,
臺中市,西屯區,1001906-031,增,　,"何成里
（由何南里分割）",,
臺中市,西屯區,1001906-032,增,　,"何福里
（由何德里分割）",,
臺中市,西屯區,1001906-033,增,　,"福和里
（由福安里分割）",,
臺中市,西屯區,1001906-034,增,　,"福中里
（由福安里分割）",,
臺中市,西屯區,1001906-035,增,　,"福恩里
（由福安里分割）",,
臺中市,西屯區,1001906-036,增,　,"福聯里
（由福安里分割）",,
臺中市,西屯區,1001906-037,增,　,"福瑞里
（由福安里分割）",,
臺中市,西屯區,1001906-038,增,　,"福林里
（由福安里分割）",,
臺中市,西屯區,1001906-039,增,　,"福雅里
（由福安里分割）",,
臺中市,南屯區,1001907-014,刪,"黎光里
（併入黎明里）",　,,
臺中市,南屯區,1001907-017,增,　,"文心里
（由田心里分割）",,
臺中市,南屯區,1001907-018,增,　,"同心里
（由田心里分割）",,
臺中市,南屯區,1001907-019,增,　,"向心里
（由田心里分割）",,
臺中市,南屯區,1001907-020,增,　,"大誠里
（由大同里分割）",,
臺中市,南屯區,1001907-021,增,　,"大興里
（由大同里分割）",,
臺中市,南屯區,1001907-022,增,　,"大業里
（由溝墘里分割）",,
臺中市,南屯區,1001907-023,增,　,"惠中里
（由溝墘里分割）",,
臺中市,南屯區,1001907-024,增,　,"寶山里
（由文山里分割）",,
臺中市,南屯區,1001907-025,增,　,"三和里
（由三厝里分割）",,
臺中市,南屯區,1001907-026,增,　,"三義里
（由三厝里分割）",,
臺中市,北屯區,1001908-032,增,　,"松強里
（由松茂里分割）",,
臺中市,北屯區,1001908-033,增,　,"松勇里
（由松茂里分割）",,
臺中市,北屯區,1001908-034,增,　,"北京里
（由北屯里分割）",,
臺中市,北屯區,1001908-035,增,　,"平心里
（由平順里分割）",,
臺中市,北屯區,1001908-036,增,　,"平福里
（由平順里分割）",,
臺中市,北屯區,1001908-037,增,　,"松和里
（由松安里分割）",,
臺中市,北屯區,1001908-038,增,　,"平陽里
（由平和里分割）",,
臺中市,北屯區,1001908-039,增,　,"平興里
（由平田里分割）",,
臺中市,北屯區,1001908-040,增,　,"平昌里
（由平田里分割）",,
臺中市,北屯區,1001908-041,增,　,"三和里
（由三光里分割）",,
臺中市,北屯區,1001908-042,增,　,"忠平里
（由陳平里分割）",,
臺南市,東區,1002101-002,刪,"大廟里
（併入東門里）",　,37291,
臺南市,東區,1002101-005,刪,"府宅里
（併入大同里）",　,,
臺南市,東區,1002101-008,刪,"圍上里
（併入成大里）",　,,
臺南市,東區,1002101-009,刪,"泉北里
（併入東門里）",　,,
臺南市,東區,1002101-011,刪,"川東里
（併入大同里）",　,,
臺南市,東區,1002101-012,刪,"大興里
（併入大同里）",　,,
臺南市,東區,1002101-024,刪,"前鋒里
（併入成大里）",　,,
臺南市,東區,1002101-031,刪,"育樂里
（併入成大里）",　,,
臺南市,東區,1002101-046,增,　,"東門里
（由大廟里及泉北里合併）",,
臺南市,東區,1002101-047,增,　,"成大里
（由圍上里、前鋒里及育樂里合併）",,
臺南市,東區,1002101-048,增,　,"大同里
（由府宅里、川東里及大興里合併）",,
臺南市,東區,1002101-049,增,　,"德光里
（由龍山里分割）",,
臺南市,東區,1002101-050,增,　,"崇信里
（由崇學里分割）",,
臺南市,東區,1002101-051,增,　,"崇文里
（由崇成里分割）",,
臺南市,東區,1002101-052,增,　,"復興里
（由自強里分割）",,
臺南市,東區,1002101-053,增,　,"裕聖里
（由虎尾里分割）",,
臺南市,南區,1002102-015,刪,"清泉里
（併入鯤鯓里）",　,,
臺南市,南區,1002102-016,刪,"龍崗里
（併入鯤鯓里）",　,,
臺南市,南區,1002102-021,刪,"覺醒里
（併入永寧里）",　,,
臺南市,南區,1002102-022,刪,"海豐里
（併入永寧里）",　,,
臺南市,南區,1002102-023,刪,"松山里
（併入松安里）",　,,
臺南市,南區,1002102-024,刪,"中和里
（併入永寧里）",　,,
臺南市,南區,1002102-027,刪,"南山里
（併入佛壇里及松安里）",　,,
臺南市,南區,1002102-044,增,　,"鯤鯓里
（由清泉里及龍崗里合併）",,
臺南市,南區,1002102-045,增,　,"松安里
（由松山里、同安里(部分)及南山里(部分)合併）",,
臺南市,南區,1002102-046,增,　,"永寧里
（由覺醒里、海豐里及中和里合併）",,
臺南市,南區,1002102-047,增,　,"南華里
（由南都里分割）",,
臺南市,西區,1002103-001,刪,"金安里
（併入三合里）",　,,
臺南市,西區,1002103-002,刪,"忠信里
（併入三合里）",　,,
臺南市,西區,1002103-003,刪,"工業里
（併入三合里）",　,,
臺南市,西區,1002103-005,刪,"濟同里
（併入普濟里）",　,,
臺南市,西區,1002103-007,刪,"北勢里
（併入民權里）",　,,
臺南市,西區,1002103-010,刪,"西羅里
（併入民權里）",　,,
臺南市,西區,1002103-011,刪,"安新里
（併入水仙里）",　,,
臺南市,西區,1002103-014,刪,"天池里
（併入郡西里）",　,,
臺南市,西區,1002103-019,刪,"正德里
（併入中正里）",　,,
臺南市,西區,1002103-021,刪,"運河里
（併入保安里）",　,,
臺南市,西區,1002103-022,刪,"北頭里
（併入民主里）",　,,
臺南市,西區,1002103-025,刪,"保良里
（併入保安里）",　,,
臺南市,西區,1002103-026,刪,"保民里
（併入保安里）",　,,
臺南市,西區,1002103-027,刪,"中頭里
（併入民生里）",　,,
臺南市,西區,1002103-028,刪,"新安里
（併入郡西里）",　,,
臺南市,西區,1002103-031,增,　,"三合里
（由金安里、忠信里及工業里合併）",,
臺南市,西區,1002103-032,增,　,"民權里
（由北勢里及西羅里合併）",,
臺南市,西區,1002103-033,增,　,"保安里
（由運河里、保良里及保民里合併）",,
臺南市,西區,1002103-034,增,　,"郡西里
（由天池里及新安里合併）",,
臺南市,北區,1002104-003,刪,"北垣里
（併入長榮里）",　,,
臺南市,北區,1002104-004,刪,"富台里
（併入長榮里）",　,,
臺南市,北區,1002104-011,刪,"水源里
（併入中樓里）",　,,
臺南市,北區,1002104-012,刪,"東豐里
（併入中樓里）",　,,
臺南市,北區,1002104-022,刪,"西華里
（併入公園里）",　,,
臺南市,北區,1002104-023,刪,"北門里
（併入公園里）",　,,
臺南市,北區,1002104-026,刪,"花園里
（併入玉皇里）",　,,
臺南市,北區,1002104-027,刪,"大公里
（併入玉皇里）",　,,
臺南市,北區,1002104-028,刪,"福德里
（併入玉皇里）",　,,
臺南市,北區,1002104-029,刪,"城隍里
（併入三德里）",　,,
臺南市,北區,1002104-030,刪,"三安里
（併入三德里）",　,,
臺南市,北區,1002104-031,刪,"重光里
（併入五福里）",　,,
臺南市,北區,1002104-032,刪,"元和里
（併入五福里）",　,,
臺南市,北區,1002104-033,刪,"保生里
（併入三德里）",　,,
臺南市,北區,1002104-035,刪,"城朔里
（併入長德里）",　,,
臺南市,北區,1002104-036,刪,"共和里
（併入長德里）",　,,
臺南市,北區,1002104-047,增,　,"長榮里
（由北垣里及富台里合併）",,
臺南市,北區,1002104-048,增,　,"中樓里
（由水源里及東豐里合併）",,
臺南市,北區,1002104-049,增,　,"公園里
（由西華里及北門里合併）",,
臺南市,北區,1002104-050,增,　,"玉皇里
（由花園里、大公里及福德里合併）",,
臺南市,北區,1002104-051,增,　,"長德里
（由城朔里及共和里合併）",,
臺南市,北區,1002104-052,增,　,"三德里
（由城隍里、三安里及保生里合併）",,
臺南市,北區,1002104-053,增,　,"五福里
（由重光里及元和里合併）",,
臺南市,北區,1002104-054,增,　,"元寶里
（由開元里分割）",,
臺南市,北區,1002104-055,增,　,"永祥里
（由小康里分割）",,
臺南市,北區,1002104-056,增,　,"成德里
（由成功里分割）",,
臺南市,北區,1002104-057,增,　,"文成里
（由文元里分割）",,
臺南市,北區,1002104-058,增,　,"大和里
（由大港里分割）",,
臺南市,北區,1002104-059,增,　,"賢北里
（由大豐里分割）",,
臺南市,中區,1002105-001,刪,"萬壽里
（併入萬昌里）",　,,
臺南市,中區,1002105-002,刪,"文昌里
（併入萬昌里）",　,,
臺南市,中區,1002105-004,刪,"清水里
（併入青年里）",　,,
臺南市,中區,1002105-005,刪,"萬鍾里
（併入公正里）",　,,
臺南市,中區,1002105-006,刪,"啟智里
（併入永華里）",　,,
臺南市,中區,1002105-008,刪,"廣慈里
（併入赤嵌里）",　,,
臺南市,中區,1002105-009,刪,"永慶里
（併入永華里）",　,,
臺南市,中區,1002105-010,刪,"環翠里
（併入青年里）",　,,
臺南市,中區,1002105-011,刪,"中山里
（併入三民里）",　,,
臺南市,中區,1002105-012,刪,"白金里
（併入三民里）",　,,
臺南市,中區,1002105-013,刪,"天中里
（併入三民里）",　,,
臺南市,中區,1002105-015,刪,"武聖里
（併入天后里）",　,,
臺南市,中區,1002105-016,刪,"聖前里
（併入忠義里）",　,,
臺南市,中區,1002105-018,刪,"竹翠里
（併入永福里）",　,,
臺南市,中區,1002105-020,刪,"觀音里
（併入赤嵌里）",　,,
臺南市,中區,1002105-021,刪,"蓬壺里
（併入天后里）",　,,
臺南市,中區,1002105-023,刪,"溫陵里
（併入永福里）",　,,
臺南市,中區,1002105-024,刪,"開仙里
（併入建國里）",　,,
臺南市,中區,1002105-025,刪,"川西里
（併入開山里）",　,,
臺南市,中區,1002105-026,刪,"保西里
（併入建國里）",　,,
臺南市,中區,1002105-028,刪,"昇平里
（併入永福里）",　,,
臺南市,中區,1002105-029,刪,"中南里
（併入福安里）",　,,
臺南市,中區,1002105-033,刪,"進學里
（併入忠義里）",　,,
臺南市,中區,1002105-035,增,　,"忠義里
（由聖前里、進學里及大南里(部分)合併）",,
臺南市,中區,1002105-036,增,　,"建國里
（由開仙里及保西里合併）",,
臺南市,中區,1002105-037,增,　,"青年里
（由清水里及環翠里合併）",,
臺南市,中區,1002105-038,增,　,"永福里
（由竹翠里、溫陵里及昇平里合併）",,
臺南市,中區,1002105-039,增,　,"永華里
（由啟智里及永慶里合併）",,
臺南市,中區,1002105-040,增,　,"天后里
（由武聖里及蓬壺里合併）",,
臺南市,中區,1002105-041,增,　,"三民里
（由中山里、白金里及天中里合併）",,
臺南市,中區,1002105-042,增,　,"萬昌里
（由萬壽里及文昌里合併）",,
臺南市,安南區,1002106-051,增,　,"大安里
（由理想里分割）",,
臺南市,安平區,1002107-003,刪,"妙壽里
（併入港仔里）",　,,
臺南市,安平區,1002107-004,刪,"菩薩里
（併入港仔里）",　,,
臺南市,安平區,1002107-005,刪,"校前里
（併入港仔里）",　,,
臺南市,安平區,1002107-006,刪,"文朱里
（併入海頭里）",　,,
臺南市,安平區,1002107-007,刪,"海興里
（併入海頭里）",　,,
臺南市,安平區,1002107-008,刪,"安中里
（併入海頭里）",　,,
臺南市,安平區,1002107-019,增,　,"海頭里
（由文朱里、海興里及安中里合併）",,
臺南市,安平區,1002107-020,增,　,"港仔里
（由妙壽里、菩薩里及校前里合併）",,
臺南市,安平區,1002107-021,增,　,"平安里
（由石門里分割）",,
臺北市,大安區,6300300-042,刪,"農場里
（併入學府里）",　,37500,
臺北市,大安區,6300300-045,刪,"青峰里
（併入學府里）",　,,
臺北市,大安區,6300300-057,增,　,"學府里
（由農場里及青峰里合併）",,
臺北市,中山區,6300400-041,增,　,"金泰里
（由成功里分割）",,
臺北市,中山區,6300400-042,增,　,"北安里
（由成功里分割）",,
臺北市,大同區,6300600-023,刪,"文昌里
（併入老師里）",　,,
臺北市,文山區,6300800-038,增,　,"忠順里
（由順興里分割）",,
臺北市,文山區,6300800-039,增,　,"萬美里
（由萬芳里分割）",,
臺北市,南港區,6300900-019,增,　,"仁福里
（由成福里分割）",,
臺北市,內湖區,6301000-031,增,　,"安湖里
（由東湖里分割）",,
臺北市,內湖區,6301000-032,增,　,"秀湖里
（由大湖里分割）",,
臺北市,內湖區,6301000-033,增,　,"安泰里
（由內溝里分割）",,
臺北市,內湖區,6301000-034,增,　,"金湖里
（由葫洲里分割）",,
臺北市,內湖區,6301000-035,增,　,"康寧里
（由葫洲里分割）",,
臺北市,內湖區,6301000-036,增,　,"明湖里
（由葫洲里分割）",,
臺北市,內湖區,6301000-037,增,　,"蘆洲里
（由葫洲里分割）",,
臺北市,內湖區,6301000-038,增,　,"麗山里
（由港都里分割）",,
臺北市,士林區,6301100-051,增,　,"臨溪里
（由翠山里分割）",,
臺北市,北投區,6301200-041,增,　,"大屯里
（由中和里分割）",,
臺北市,北投區,6301200-042,增,　,"湖田里
（由湖山里分割）",,
高雄市,左營區,6400300-010,刪,"海光里
（併入尾北里）",　,,
臺北縣,土城市,1000113-041,增,　,"中正里
（由柑林里分割）",37130,
臺北縣,土城市,1000113-042,增,　,"學士里
（由柑林里分割）",,
臺北縣,土城市,1000113-043,增,　,"明德里
（由柑林里分割）",,
臺北縣,土城市,1000113-044,增,　,"廣興里
（由埤林里分割）",,
臺北縣,土城市,1000113-045,增,　,"青山里
（由清水里分割）",,
臺北縣,土城市,1000113-046,增,　,"金城里
（由廷寮里分割）",,
臺北縣,土城市,1000113-047,增,　,"延祿里
（由延壽里分割）",,
新竹縣,竹北市,1000401-024,增,　,"北崙里
（由斗崙里分割）",37165,
新竹縣,竹北市,1000401-025,增,　,"新崙里
（由斗崙里分割）",,
新竹縣,竹北市,1000401-026,增,　,"福德里
（由竹義里分割）",,
新竹縣,湖口鄉,1000405-017,增,　,"信義村
（由信勢村分割）",,
新竹縣,湖口鄉,1000405-018,增,　,"中正村
（由中勢村分割）",,
新竹縣,湖口鄉,1000405-019,增,　,"東興村
（由和興村分割）",,
新竹縣,湖口鄉,1000405-020,增,　,"勝利村
（由鳳凰村分割）",,
南投縣,仁愛鄉,1000813-015,增,　,"翠華村
（由力行村分割）",37104,
宜蘭縣,頭城鎮,1000204-024,增,　,"龜山里
（由大溪里分割）",89.8-90.7,=======以下時間為範圍，需取得確切生效時間
宜蘭縣,壯圍鄉,1000206-014,增,　,"古結村
（由吉祥村分割）",89.8-90.7,
苗栗縣,公館鄉,1000509-012,修,五穀村,五谷村,89.8-90.7,
苗栗縣,公館鄉,1000509-013,修,玉穀村,玉谷村,89.8-90.7,
苗栗縣,三義鄉,1000513-002,修,雙湖村,双湖村,89.8-90.7,
苗栗縣,三義鄉,1000513-003,修,雙潭村,双潭村,89.8-90.7,
嘉義縣,東石鄉,1001009-010,修,下楫村,下揖村,89.8-90.7,
嘉義縣,東石鄉,1001009-011,修,頂楫村,頂揖村,89.8-90.7,
臺南縣,歸仁鄉,1001128-020,增,　,"歸南村
（由六甲村分割）",89.8-90.7,
臺南縣,歸仁鄉,1001128-021,增,　,"文化村
（由後市村分割）",89.8-90.7,
苗栗縣,公館鄉,1000509-012,修,五谷村,五穀村,88.6-89.7,
苗栗縣,公館鄉,1000509-013,修,玉谷村,玉穀村,88.6-89.7,
苗栗縣,三義鄉,1000513-002,修,双湖村,雙湖村,88.6-89.7,
苗栗縣,三義鄉,1000513-003,修,双潭村,雙潭村,88.6-89.7,
雲林縣,北港鎮,1000906-011,修,公館里,公舘里,88.6-89.7,
嘉義縣,東石鄉,1001009-010,修,下揖村,下楫村,88.6-89.7,
嘉義縣,東石鄉,1001009-011,修,頂揖村,頂楫村,88.6-89.7,
臺南縣,歸仁鄉,1001128-019,增,,"新厝村
(由辜厝村分割)",88.6-89.7,註1：金門縣金城鎮、金沙鎮及金湖鎮所轄村里配合地方制度法第三條第四項皆修正為里。
屏東縣,東港鎮,1001303-005,修,興臺里,興台里,88.6-89.7,註2：臺北縣汐止鎮自88年6月28日起改制為縣轄市。
屏東縣,滿洲鄉,1001324-005,修,響林村,响林村,88.6-89.7,註3：臺北縣樹林鎮自88年10月4日起改制為縣轄市。
連江縣,南竿鄉,0900701-003,修,經澤村,福沃村," 87.5-88.5",
臺北縣,三重市,1000102-092,修,永輝里,永煇里," 87.5-88.5",
臺南縣,麻豆鎮,1001107-004,修,晉江里,晋江里," 87.5-88.5",
高雄縣,桃源鄉,1001226-007,修,樟山村,梅蘭村," 87.5-88.5",
金門縣,烈嶼鄉,0902005-001,修,上歧村,上岐村,86.5-87.4,臺北縣蘆洲鄉自86年10月6日起改制為縣轄市。
臺北縣,三重市,1000102-117,增,,"福樂里
(由福隆里分割)",86.5-87.4,
臺北縣,三重市,1000102-118,增,,"仁華里
(由碧華里分割)",86.5-87.4,
臺北縣,三重市,1000102-119,增,,"五順里
(由五常里分割)",,
臺北縣,永和市,1000104-059,增,,"民富里
(由民本里分割)",,
臺北縣,永和市,1000104-060,增,,"秀元里
(由秀得里分割)",,
臺北縣,永和市,1000104-061,增,,"永樂里
(由永安里分割)",,
臺北縣,永和市,1000104-062,增,,"保順里
(由保安里分割)",,
臺北縣,新莊市,1000105-073,增,,"福興里
(由福基里分割)",,
臺北縣,新莊市,1000105-074,增,,"昌信里
(由昌明里分割)",,
臺北縣,新莊市,1000105-075,增,,"昌隆里
(由昌平里分割)",,
臺北縣,新莊市,1000105-076,增,,"中平里
(由中信里分割)",,
臺北縣,新莊市,1000105-077,增,,"立廷里
(由立基里分割)",,
臺北縣,新莊市,1000105-078,增,,"泰豐里
(由豐年里分割)",,
臺北縣,新莊市,1000105-079,增,,"富民里
(由富國里分割)",,
臺北縣,新莊市,1000105-080,增,,"龍福里
(由龍鳳里分割)",,
臺北縣,新莊市,1000105-081,增,,"祥鳳里
(由合鳳里分割)",,
臺北縣,新莊市,1000105-082,增,,"民全里
(由民安里分割)",,
臺北縣,新莊市,1000105-083,增,,"民有里
(由民本里分割)",,
臺北縣,新莊市,1000105-084,增,,"光正里
(由光榮里分割)",,
臺北縣,新莊市,1000105-085,增,,"光和里
(由光榮里分割)",,
臺北縣,新店市,1000106-059,增,,"小城里
(由明城里分割)",,
臺北縣,新店市,1000106-060,增,,"香坡里
(由雙城里分割)",,
臺北縣,新店市,1000106-061,增,,"建國里
(由仁愛里分割)",,
臺北縣,新店市,1000106-062,增,,"復興里
(由江陵里分割)",,
臺北縣,新店市,1000106-063,增,,"美城里
(由太平里分割)",,
臺北縣,新店市,1000106-064,增,,"安昌里
(由公崙里分割)",,
臺北縣,新店市,1000106-065,增,,"長春里
(由五峰里分割)",,
臺北縣,新店市,1000106-066,增,,"新和里
(由永安里分割)",,
臺北縣,新店市,1000106-067,增,,"永平里
(由永安里分割)",,
臺北縣,樹林鎮,1000107-039,增,,"中華里
(由大同里分割)",,
臺北縣,樹林鎮,1000107-040,增,,"太順里
(由大同里分割)",,
臺北縣,樹林鎮,1000107-041,增,,"圳民里
(由圳安里分割)",,
臺北縣,樹林鎮,1000107-042,增,,"圳生里
(由圳安里分割)",,
臺北縣,樹林鎮,1000107-043,增,,"三龍里
(由三多里分割)",,
臺北縣,三峽鎮,1000109-026,增,,"二鬮里
(由大埔里分割)",,
臺北縣,汐止鎮,1000111-033,增,,"金龍里
(由北峰里分割)",,
臺北縣,汐止鎮,1000111-034,增,,"福德里
(由中興里分割)",,
臺北縣,汐止鎮,1000111-035,增,,"興福里
(由中興里分割)",,
臺北縣,汐止鎮,1000111-036,增,,"康福里
(由中興里分割)",,
臺北縣,汐止鎮,1000111-037,增,,"忠山里
(由北山里分割)",,
臺北縣,汐止鎮,1000111-038,增,,"環河里
(由北山里分割)",,
臺北縣,汐止鎮,1000111-039,增,,"東勢里
(由宜興里分割)",,
臺北縣,汐止鎮,1000111-040,增,,"山光里
(由厚德里分割)",,
臺北縣,汐止鎮,1000111-041,增,,"大同里
(由智慧里分割)",,
臺北縣,汐止鎮,1000111-042,增,,"崇德里
(由茄苳里分割)",,
臺北縣,汐止鎮,1000111-043,增,,"湖興里
(由湖光里分割)",,
臺北縣,汐止鎮,1000111-044,增,,"長青里
(由八連里分割)",,
臺北縣,汐止鎮,1000111-045,增,,"福安里
(由新昌里分割)",,
臺北縣,汐止鎮,1000111-046,增,,"秀山里
(由秀峰里分割)",,
臺北縣,瑞芳鎮,1000112-034,增,,"新峰里
(由爪峯里分割)",,
臺北縣,蘆洲市,1000114-037,增,,"成功里
(由永樂里分割)",,
臺北縣,蘆洲市,1000114-038,增,,"永德里
(由永康里分割)",,
臺北縣,五股鄉,1000115-015,增,,"六福村
(由五福村分割)",,
臺北縣,五股鄉,1000115-016,增,,"集賢村
(由集福村分割)",,
臺北縣,五股鄉,1000115-017,增,,"民義村
(由五股村分割)",,
臺北縣,五股鄉,1000115-018,增,,"成泰村
(由成功村分割)",,
臺北縣,五股鄉,1000115-019,增,,"水碓村
(由德音村分割)",,
臺北縣,深坑鄉,1000118-006,增,,"埔新村
(由深坑村分割)",,
臺北縣,深坑鄉,1000118-007,增,,"萬福村
(由萬順村分割)",,
臺北縣,深坑鄉,1000118-008,增,,"賴仲村
(由土庫村分割)",,
臺北縣,石碇鄉,1000119-011,刪,"碧山村
(併入永安村)",,,
臺北縣,萬里鄉,1000128-008,修,崁腳村,崁脚村,,
宜蘭縣,南澳鄉,1000212-002,修,碧侯村,碧候村,,
桃園縣,桃園市,1000301-057,增,,"大有里
(由會稽里分割)",,
桃園縣,桃園市,1000301-058,增,,"寶山里
(由會稽里分割)",,
桃園縣,桃園市,1000301-059,增,,"龍鳳里
(由龍岡里分割)",,
桃園縣,桃園市,1000301-060,增,,"龍安里
(由龍岡里分割)",,
桃園縣,桃園市,1000301-061,增,,"自強里
(由莊敬里分割)",,
桃園縣,桃園市,1000301-062,增,,"中信里
(由中路里分割)",,
桃園縣,桃園市,1000301-063,增,,"長德里
(由長安里分割)",,
桃園縣,桃園市,1000301-064,增,,"中平里
(由中山里分割)",,
桃園縣,桃園市,1000301-065,增,,"中原里
(由中山里分割)",,
桃園縣,桃園市,1000301-066,增,,"中泰里
(由中山里分割)",,
桃園縣,桃園市,1000301-067,增,,"南埔里
(由中埔里分割)",,
桃園縣,桃園市,1000301-068,增,,"寶慶里
(由中埔里分割)",,
桃園縣,桃園市,1000301-069,增,,"北埔里
(由中埔里分割)",,
桃園縣,中壢市,1000302-056,增,,"復華里
(由復興里分割)",,
桃園縣,中壢市,1000302-057,增,,"忠孝里
(由中原里分割)",,
桃園縣,中壢市,1000302-058,增,,"福德里
(由成功里分割)",,
桃園縣,中壢市,1000302-059,增,,"和平里
(由文化里分割)",,
桃園縣,中壢市,1000302-060,增,,"普忠里
(由普仁里分割)",,
桃園縣,中壢市,1000302-061,增,,"普強里
(由普仁里分割)",,
桃園縣,中壢市,1000302-062,增,,"明德里
(由後寮里分割)",,
桃園縣,中壢市,1000302-063,增,,"至善里
(由後寮里分割)",,
桃園縣,中壢市,1000302-064,增,,"五福里
(由五權里分割)",,
桃園縣,中壢市,1000302-065,增,,"龍德里
(由龍興里分割)",,
桃園縣,中壢市,1000302-066,增,,"正義里
(由信義里分割)",,
桃園縣,中壢市,1000302-067,增,,"龍安里
(由龍平里分割)",,
桃園縣,中壢市,1000302-068,增,,"中山里
(由中正里分割)",,
桃園縣,中壢市,1000302-069,增,,"德義里
(由普義里分割)",,
桃園縣,中壢市,1000302-070,增,,"仁義里
(由普義里分割)",,
桃園縣,中壢市,1000302-071,增,,"華勛里
(由仁祥里分割)",,
桃園縣,中壢市,1000302-072,增,,"仁福里
(由仁美里分割)",,
桃園縣,中壢市,1000302-073,增,,"幸福里
(由忠福里分割)",,
桃園縣,中壢市,1000302-074,增,,"永福里
(由忠福里分割)",,
桃園縣,大溪鎮,1000303-023,增,,"光明里
(由員林里分割)",,
桃園縣,大溪鎮,1000303-024,增,,"三元里
(由員林里分割)",,
桃園縣,大溪鎮,1000303-025,增,,"田心里
(由一心里分割)",,
桃園縣,大溪鎮,1000303-026,增,,"仁文里
(由仁武里分割)",,
桃園縣,大溪鎮,1000303-027,增,,"仁和里
(由仁愛里分割)",,
桃園縣,楊梅鎮,1000304-026,增,,"中山里
(由大同里分割)",,
桃園縣,楊梅鎮,1000304-027,增,,"楊明里
(由梅溪里分割)",,
桃園縣,楊梅鎮,1000304-028,增,,"金溪里
(由梅溪里分割)",,
桃園縣,楊梅鎮,1000304-029,增,,"裕成里
(由梅溪里分割)",,
桃園縣,楊梅鎮,1000304-030,增,,"秀才里
(由大平里分割)",,
桃園縣,楊梅鎮,1000304-031,增,,"青山里
(由高山里分割)",,
桃園縣,楊梅鎮,1000304-032,增,,"新榮里
(由高榮里分割)",,
桃園縣,楊梅鎮,1000304-033,增,,"雙榮里
(由高榮里分割)",,
桃園縣,楊梅鎮,1000304-034,增,,"瑞坪里
(由瑞塘里分割)",,
桃園縣,楊梅鎮,1000304-035,增,,"永平里
(由瑞塘里分割)",,
桃園縣,蘆竹鄉,1000305-024,增,,"瓦窯村
(由五福村分割)",,
桃園縣,蘆竹鄉,1000305-025,增,,"營盤村
(由五福村分割)",,
桃園縣,蘆竹鄉,1000305-026,增,,"羊稠村
(由五福村分割)",,
桃園縣,龜山鄉,1000307-020,增,,"文化村
(由公西村分割)",,
桃園縣,龜山鄉,1000307-021,增,,"南美村
(由南上村分割)",,
桃園縣,龜山鄉,1000307-022,增,,"幸福村
(由山福村分割)",,
桃園縣,龜山鄉,1000307-023,增,,"福源村
(由兔坑村分割)",,
桃園縣,龜山鄉,1000307-024,增,,"龍華村
(由龍壽村分割)",,
桃園縣,龜山鄉,1000307-025,增,,"迴龍村
(由龍壽村分割)",,
桃園縣,龜山鄉,1000307-026,增,,"新嶺村
(由嶺頂村分割)",,
桃園縣,八德市,1000308-035,增,,"大慶里
(由大成里分割)",,
桃園縣,八德市,1000308-036,增,,"大千里
(由大勇里分割)",,
桃園縣,八德市,1000308-037,增,,"大榮里
(由大義里分割)",,
桃園縣,八德市,1000308-038,增,,"茄明里
(由茄苳里分割)",,
桃園縣,八德市,1000308-039,增,,"高城里
(由高明里分割)",,
苗栗縣,竹南鎮,1000504-018,修,公館里,公舘里,,
苗栗縣,頭份鎮,1000505-026,增,,"民權里
(由民族里分割)",,
苗栗縣,頭份鎮,1000505-027,增,,"民生里
(由民族里分割)",,
苗栗縣,頭份鎮,1000505-028,增,,"建國里
(由蟠桃里分割)",,
苗栗縣,頭份鎮,1000505-029,增,,"成功里
(由蟠桃里分割)",,
臺中縣,大雅鄉,1000610-010,增,,"二和村
(由三和村分割)",,
臺中縣,大雅鄉,1000610-011,增,,"四德村
(由三和村分割)",,
臺中縣,大雅鄉,1000610-012,增,,"上雅村
(由大雅村分割)",,
臺中縣,大雅鄉,1000610-013,增,,"文雅村
(由大雅村分割)",,
臺中縣,龍井鄉,1000617-016,增,,"東海村
(由新東村分割)",,
彰化縣,彰化市,1000701-071,修,臺鳳里,台鳳里,,
彰化縣,彰化市,1000701-072,增,,"崙平里
(由平和里分割)",,
彰化縣,彰化市,1000701-073,增,,"向陽里
(由平和里分割)",,
彰化縣,鹿港鎮,1000702-029,增,,"永安里
(由埔崙里分割)",,
雲林縣,西螺鎮,1000904-027,修,公館里,公舘里,,
雲林縣,二崙鄉,1000911-005,修,南興村,湳仔村,,
臺南縣,新營市,1001101-027,增,,"新北里
(由民生里分割)",,
臺南縣,新營市,1001101-028,增,,"新南里
(由民生里分割)",,
臺南縣,新化鎮,1001118-016,修,山腳里,山脚里,,
高雄縣,鳳山市,1001201-059,增,,"武松里
（由鎮北里及北門里分割）",,
高雄縣,鳳山市,1001201-060,增,,"文衡里
(由文德里分割)",,
高雄縣,鳳山市,1001201-061,增,,"文福里
(由文德里分割)",,
高雄縣,鳳山市,1001201-062,增,,"誠信里
(由誠德里分割)",,
高雄縣,鳳山市,1001201-063,增,,"誠智里
(由誠德里分割)",,
高雄縣,鳳山市,1001201-064,增,,"國富里
（由國光里及國隆里分割）",,
高雄縣,鳳山市,1001201-065,增,,"武慶里
(由武漢里分割)",,
高雄縣,鳳山市,1001201-066,增,,"海洋里
(由新富里分割)",,
高雄縣,鳳山市,1001201-067,增,,"新武里
(由新甲里分割)",,
高雄縣,鳳山市,1001201-068,增,,"新樂里
(由新甲里分割)",,
高雄縣,鳳山市,1001201-069,增,,"新泰里
(由新甲里分割)",,
高雄縣,鳳山市,1001201-070,增,,"中崙里
(由老爺里分割)",,
高雄縣,鳳山市,1001201-071,增,,"中榮里
(由老爺里分割)",,
高雄縣,鳳山市,1001201-072,增,,"中民里
(由老爺里分割)",,
高雄縣,鳳山市,1001201-073,增,,"二甲里
(由一甲里分割)",,
高雄縣,鳳山市,1001201-074,增,,"龍成里
(由鎮南里分割)",,
高雄縣,鳳山市,1001201-075,增,,"富榮里
(由富甲里分割)",,
高雄縣,鳳山市,1001201-076,增,,"善美里
(由富甲里分割)",,
高雄縣,鳳山市,1001201-077,增,,"南和里
(由南成里分割)",,
高雄縣,鳳山市,1001201-078,增,,"福祥里
(由福誠里分割)",,
高雄縣,林園鄉,1001202-020,增,,"仁愛村
(由林園村分割)",,
高雄縣,林園鄉,1001202-021,增,,"文賢村
(由東林村分割)",,
高雄縣,林園鄉,1001202-022,增,,"廣應村
(由王公村分割)",,
高雄縣,林園鄉,1001202-023,增,,"五福村
(由溪州村分割)",,
高雄縣,林園鄉,1001202-024,增,,"中汕村
(由北汕村分割)",,
高雄縣,大社鄉,1001205-009,增,,"保安村
(由大社村分割)",,
高雄縣,仁武鄉,1001206-012,增,,"中華村
(由竹後村分割)",,
高雄縣,仁武鄉,1001206-013,增,,"五和村
(由八卦村分割)",,
高雄縣,仁武鄉,1001206-014,增,,"仁和村
(由灣內村分割)",,
高雄縣,仁武鄉,1001206-015,增,,"赤山村
(由灣內村分割)",,
高雄縣,仁武鄉,1001206-016,增,,"仁慈村
(由考潭村分割)",,
高雄縣,阿蓮鄉,1001212-003,修,峰山村,峯山村,,
屏東縣,霧臺鄉,1001327-003,修,去露村,吉露村,,
臺東縣,綠島鄉,1001411-001,修,公館村,公舘村,,
花蓮縣,新城鄉,1001504-008,增,,"大漢村
(由北埔村分割)",,
澎湖縣,馬公市,1001601-031,修,蒔裡里,裡里,,
基隆市,中正區,1001701-025,增,,"新豐里
(由碧砂里分割)",,
基隆市,暖暖區,1001703-013,增,,"碇祥里
(由碇和里分割)",,
基隆市,安樂區,1001706-021,增,,"武崙里
(由新崙里分割)",,
基隆市,安樂區,1001706-022,增,,"長樂里
(由五福里分割)",,
基隆市,信義區,1001707-018,增,,"孝賢里
(由孝深里分割)",,
新竹市,"東  區",1001801-052,增,,"湖濱里
(由柴橋里分割)",,
新竹市,"東  區",1001801-053,增,,"明湖里
(由柴橋里分割)",,
新竹市,"北  區",1001802-042,增,,"湳中里
(由湳雅里分割)",,
新竹市,"北  區",1001802-043,增,,"金雅里
(由湳雅里分割)",,
新竹市,"北  區",1001802-044,增,,"台溪里
(由曲溪里分割)",,
新竹市,香山區,1001803-024,增,,"頂福里
(由頂埔里分割)",,
臺南市,"北  區",1002104-004,修,富臺里,富台里,,
臺南市,安南區,1002106-049,增,,"國安里
(由溪東里分割)",,
臺南市,安南區,1002106-050,增,,"安富里
(由溪東里分割)",,
臺南市,安平區,1002107-011,增,,"建平里
(由校前里分割)",,
臺南市,安平區,1002107-012,增,,"怡平里
(由校前里分割)",,
臺南市,安平區,1002107-013,增,,"華平里
(由校前里分割)",,
臺南市,安平區,1002107-014,增,,"平通里
(由校前里分割)",,
臺南市,安平區,1002107-015,增,,"文平里
(由校前里分割)",,
臺南市,安平區,1002107-016,增,,"國平里
(由校前里分割)",,
臺南市,安平區,1002107-017,增,,"育平里
(由校前里分割)",,
臺南市,安平區,1002107-018,增,,"億載里
(由金城里分割)",,
高雄市,前鎮區,6400900-026,刪,"君毅里
（併入建隆里）",,,
高雄市,前鎮區,6400900-027,刪,"壯勇里
（併入建隆里）",,,
連江縣,北竿鄉,0900702-001,修,塘歧村,塘岐村,85.5-86.4,
金門縣,列嶼鄉,0902005-001,修,上歧村,上岐村,,
臺北縣,土城市,1000113-017,修,峰廷里,峯廷里,,
苗栗縣,苑裡鎮,1000502-014,修,山腳里,山脚里,,
苗栗縣,苑裡鎮,1000502-021,修,上館里,上舘里,,
苗栗縣,公館鄉,1000509-007,修,石牆村,石墻村,,
苗栗縣,三義鄉,1000513-002,修,雙湖村,双湖村,,
苗栗縣,三義鄉,1000513-003,修,雙潭村,双潭村,,
彰化縣,員林鎮,1000710-030,修,大峰里,大峯里,,
彰化縣,二水鄉,1000718-002,修,上豐村,上豊村,,
雲林縣,斗六市,1000901-015,修,溝壩里,溝埧里,,
雲林縣,斗六市,1000901-018,修,崙峰里,崙峯里,,
臺南縣,後壁鄉,1001105-007,修,菁豐村,菁豊村,,
臺南縣,西港鄉,1001114-004,修,檨林村,林村,,
臺南縣,七股鄉,1001115-007,修,鹽埕村,塩埕村,,
臺南縣,永康市,1001131-010,修,鹽行里,塩行里,,
臺南縣,永康市,1001131-029,修,鹽洲里,塩洲里,,
臺東縣,達仁鄉,1001415-001,修,臺坂村,台坂村,,
臺南市,"中  區",1002105-019,修,赤崁里,赤嵌里,,
臺南市,安南區,1002106-003,修,塭南里,南里,,
臺南市,安南區,1002106-024,修,公塭里,公里,85.5-86.4,臺中縣太平鄉自85年8月1日起改制為縣轄市。
臺北縣,瑞芳鎮,1000112-007,修,爪峰里,爪峯里,85.5-86.4,
臺北縣,瑞芳鎮,1000112-027,修,濂新里,濓新里,,
臺北縣,瑞芳鎮,1000112-028,修,濂洞里,濓洞里,,
新竹縣,竹東鎮,1000402-006,修,上館里,上舘里,,
新竹縣,竹東鎮,1000402-012,修,雞林里,鷄林里,,
臺中縣,大安鄉,1000614-004,修,龜壳村,龜村,,
彰化縣,埔心鄉,1000715-012,修,舊館村,舊舘村,,
彰化縣,埔心鄉,1000715-013,修,南館村,南舘村,,
彰化縣,埔心鄉,1000715-014,修,新館村,新舘村,,
彰化縣,埔心鄉,1000715-020,修,埤腳村,埤脚村,,
彰化縣,埤頭鄉,1000722-001,修,和豐村,和豊村,,
彰化縣,埤頭鄉,1000722-004,修,豐崙村,豊崙村,,
彰化縣,埤頭鄉,1000722-006,修,永豐村,永豊村,,
雲林縣,二崙鄉,1000911-005,修,湳仔村,南興村,,
嘉義縣,朴子市,1001002-012,修,雙溪里,双溪里,,
嘉義縣,民雄鄉,1001005-012,修,豐收村,豊收村,,
嘉義縣,民雄鄉,1001005-023,修,雙福村,双福村,,
嘉義縣,鹿草鄉,1001011-005,修,豐稠村,豊稠村,,
嘉義縣,中埔鄉,1001013-002,修,鹽館村,塩館村,,
嘉義縣,竹崎鄉,1001014-018,修,文峰村,文峯村,,
嘉義縣,梅山鄉,1001015-010,修,雙溪村,双溪村,,
嘉義縣,梅山鄉,1001015-015,修,瑞峰村,瑞峯村,,
臺南縣,新市鄉,1001120-005,修,豐華村,豊華村,,
臺南縣,山上鄉,1001122-005,修,玉峰村,玉峯村,,
高雄縣,林園鎮,1001202-003,修,溪洲村,溪州村,,
高雄縣,大樹鄉,1001204-018,修,鐘鈴村,統嶺村,,
高雄縣,湖內鄉,1001214-004,修,公館村,公舘村,,
高雄縣,內門鄉,1001224-008,修,內豐村,內豊村,,
屏東縣,萬丹鄉,1001305-012,修,廈北村,厦北村,,
屏東縣,萬丹鄉,1001305-013,修,廈南村,厦南村,,
屏東縣,林邊鄉,1001319-007,修,崎峰村,崎峯村,,
臺中市,"西  區",1001904-013,修,公館里,公舘里,,
臺中市,"北  區",1001905-028,修,錦州里,錦洲里,,
臺南市,安南區,1002106-019,修,鹽田里,塩田里,,
